{"A":{"0":3.5063571124,"1":72.3021637236,"2":80.234682238,"3":13.2966558657,"4":3.8271534767,"5":28.69783954,"6":60.0149437273,"7":34.6521562436,"8":96.3099357532,"9":59.6051577319,"10":29.3285415265,"11":8.1070724661,"12":42.6291328244,"13":34.6114900332,"14":80.5656078313,"15":96.004597311,"16":76.8638652205,"17":60.6110498263,"18":94.9510196197,"19":93.0131146077,"20":4.2299279297,"21":74.4126791798,"22":15.0247308311,"23":99.6501817338,"24":56.4817504401,"25":19.9132709416,"26":6.0994494564,"27":9.0693616983,"28":1.0857605032,"29":69.7363556647,"30":83.8469780876,"31":87.4538362356,"32":72.4073547915,"33":67.965636393,"34":67.63346761,"35":75.7932605154,"36":13.2784525346,"37":84.9308694283,"38":92.8446971422,"39":8.8964088766,"40":55.5288694246,"41":32.5269518792,"42":11.5526727457,"43":68.3120477408,"44":63.2976331585,"45":91.2753624639,"46":94.6198558866,"47":47.6953931592,"48":3.1447485099,"49":51.4010662365,"50":6.1113279489,"51":46.578901664,"52":71.1457526358,"53":26.2861919812,"54":86.3235307695,"55":65.9148126222,"56":62.0753443818,"57":79.2784581789,"58":55.2881296752,"59":68.574673282,"60":25.0235096855,"61":59.3347292623,"62":28.3442019171,"63":86.469123531,"64":64.1765540872,"65":32.5613698712,"66":58.2205167032,"67":56.7380367999,"68":65.4720192226,"69":80.2177057238,"70":5.3130748826,"71":79.6195417616,"72":33.0966310534,"73":13.7892906205,"74":57.2283807358,"75":87.5149005662,"76":6.6327849595,"77":68.0826531752,"78":84.8945048403,"79":93.1672941458,"80":16.9772289439,"81":11.2946482656,"82":77.5737988763,"83":43.2815144404,"84":46.0949194204,"85":18.9429035174,"86":43.0040275164,"87":53.38365066,"88":88.0340152109,"89":96.8306233223,"90":25.4255346592,"91":12.477898304,"92":26.4806886993,"93":35.6835041465,"94":34.1228544899,"95":99.7648762844,"96":26.7686488645,"97":6.9964528951,"98":60.8484761486,"99":51.6966877593},"B":{"0":91.7152059874,"1":18.3517224564,"2":18.1830935906,"3":21.7237148455,"4":42.8045106685,"5":92.8785175648,"6":70.2997429693,"7":12.0494733136,"8":75.7543853738,"9":86.5690069121,"10":62.1992350214,"11":51.1426138653,"12":11.7436098347,"13":78.4025348144,"14":73.4509982393,"15":49.5332657895,"16":45.5301766804,"17":99.2912414093,"18":81.3653885093,"19":42.3820617236,"20":54.1230626575,"21":54.2217114432,"22":6.0877327088,"23":91.9045204987,"24":26.0993910222,"25":40.0006242048,"26":19.1870359664,"27":39.2460626442,"28":56.100774942,"29":6.160579243,"30":63.4776178213,"31":66.5565909989,"32":81.8789075837,"33":78.9919702927,"34":38.1656649867,"35":18.9752649388,"36":59.1062924679,"37":75.2435723827,"38":61.9216453451,"39":29.2963430119,"40":18.9483733447,"41":48.5359632846,"42":9.2671658479,"43":56.204526263,"44":19.7629772854,"45":45.3139141308,"46":53.0787140792,"47":60.0267622709,"48":2.9415515894,"49":73.0709157609,"50":23.9936436971,"51":15.0150817474,"52":24.0922180201,"53":57.563753739,"54":9.3330229108,"55":79.5789556228,"56":24.9973871691,"57":79.6665449145,"58":40.9358805342,"59":56.0669230135,"60":9.9616967634,"61":29.3767529893,"62":62.5660888273,"63":46.2832455613,"64":77.9621447109,"65":22.3085352378,"66":70.7475803965,"67":21.4436025774,"68":69.7046900664,"69":84.6645566568,"70":8.1744931842,"71":70.8840092919,"72":46.6897700674,"73":34.891406105,"74":96.4338499913,"75":80.7512958905,"76":3.5185114768,"77":59.8943553416,"78":11.5668162338,"79":75.0599677168,"80":28.6749121071,"81":26.7948331829,"82":65.8004279722,"83":79.5330045086,"84":11.2499145217,"85":25.4752144841,"86":50.1940760154,"87":67.7634767447,"88":44.924608288,"89":42.5757472394,"90":41.9206876252,"91":21.4952602028,"92":87.1413181679,"93":42.6617632377,"94":91.3796880128,"95":42.8700936134,"96":13.3852592623,"97":13.85709093,"98":1.7828137985,"99":18.8821186305},"C":{"0":73.5727459932,"1":73.0776434045,"2":74.9536831224,"3":95.6551192487,"4":31.4925798589,"5":95.7531199184,"6":78.96075599,"7":38.8943583938,"8":51.2979693213,"9":47.1787399721,"10":92.2345764266,"11":76.9167638335,"12":26.1212282996,"13":21.6967168975,"14":58.3174190047,"15":44.0641273101,"16":33.9577528707,"17":98.45184307,"18":78.2764210755,"19":30.6226048567,"20":53.6844162752,"21":60.1456245552,"22":55.9085013082,"23":49.8961783603,"24":29.4938527444,"25":97.1814324291,"26":18.0241200529,"27":89.052407464,"28":23.4981702362,"29":88.7682222312,"30":53.5118325903,"31":18.4490929258,"32":14.830899426,"33":11.2401887368,"34":70.8200981034,"35":38.4341616892,"36":61.0363413353,"37":5.6635689237,"38":61.0686228537,"39":14.0127652081,"40":79.2883095918,"41":5.0950843345,"42":2.9786077564,"43":25.6140231018,"44":58.4944891026,"45":98.8382382256,"46":23.261356383,"47":24.1452552848,"48":9.936631475,"49":77.4194555457,"50":32.8042919059,"51":4.0109015769,"52":85.0318057363,"53":66.4499543773,"54":62.1875535864,"55":37.4892659154,"56":99.7428730015,"57":86.7573272649,"58":88.3853816289,"59":25.4655379087,"60":52.5783649603,"61":35.6706770334,"62":33.057599418,"63":23.4749361912,"64":68.220079388,"65":71.5598546976,"66":36.8843302455,"67":72.8549992956,"68":72.1385065862,"69":46.23249585,"70":61.3423976159,"71":89.7914561596,"72":19.6165387329,"73":40.7156466787,"74":87.9839821443,"75":21.6176949136,"76":25.9899995667,"77":19.5657847535,"78":43.3195495889,"79":40.4624690796,"80":46.7281907308,"81":0.7603504905,"82":37.6323083151,"83":42.1204709715,"84":8.7171440896,"85":14.2257278257,"86":29.867908382,"87":23.4968284432,"88":36.1876345912,"89":28.2523656611,"90":83.5499476086,"91":90.0436053478,"92":45.4540548575,"93":92.6306738778,"94":20.0419057143,"95":39.0720535374,"96":49.3085279069,"97":66.1473579485,"98":64.3126636728,"99":88.5994197967},"D":{"0":21.8606283706,"1":40.3744420024,"2":18.1043382068,"3":23.9461673765,"4":38.1223885576,"5":31.395634277,"6":31.112290979,"7":44.9411584797,"8":98.8960660123,"9":47.2505820625,"10":91.0519522292,"11":66.876212961,"12":69.2388322868,"13":64.9684415384,"14":9.8563707059,"15":64.0087629088,"16":1.6119240631,"17":1.8752429605,"18":20.0989557516,"19":4.6852886628,"20":65.1826252033,"21":34.8210342828,"22":62.666995381,"23":77.8620370548,"24":48.328577503,"25":26.2069628857,"26":27.0030691922,"27":65.4066707739,"28":85.1813623893,"29":10.8931124853,"30":27.6799976063,"31":49.8750699304,"32":2.7073316206,"33":67.5510294736,"34":35.8375836229,"35":46.1037402055,"36":80.1418753301,"37":84.7754602021,"38":5.2937909839,"39":39.902121332,"40":75.0555202321,"41":63.775587,"42":3.5169880778,"43":34.3600435721,"44":17.0696680292,"45":47.4875180775,"46":21.0776770558,"47":74.8509443566,"48":65.0314371077,"49":66.1137758946,"50":87.7623352603,"51":81.7924218782,"52":12.5451862026,"53":97.7085367964,"54":2.239280358,"55":51.7306609375,"56":56.5250597817,"57":31.3426798559,"58":20.3423847916,"59":36.6963719909,"60":6.6846729204,"61":23.7583899159,"62":83.3119900576,"63":29.1969337616,"64":74.0545991906,"65":63.3221960715,"66":99.9817666639,"67":23.4697735912,"68":74.2658285542,"69":66.3592161485,"70":24.1035298087,"71":96.8900217332,"72":16.1906270862,"73":87.9203050321,"74":56.821200941,"75":62.5387419249,"76":93.9844184294,"77":15.6053896334,"78":53.1393529338,"79":66.7179923852,"80":83.9261382981,"81":74.9230735413,"82":22.4298907657,"83":4.6444092429,"84":98.7100071509,"85":27.1085426972,"86":5.7568243581,"87":0.7129193864,"88":79.7898685011,"89":78.2099758262,"90":19.3408947046,"91":68.661076759,"92":20.8893570048,"93":1.7832967607,"94":8.5537399813,"95":18.7223674046,"96":93.8639427246,"97":50.8977440355,"98":18.2719427762,"99":43.1680710032},"E":{"0":21.8491309169,"1":43.1502589189,"2":11.0997472521,"3":87.6747554761,"4":6.8961524609,"5":79.6208394456,"6":80.5072448914,"7":56.6548709819,"8":75.089520147,"9":61.5544145945,"10":96.300508345,"11":8.1484859682,"12":64.8748238949,"13":56.2315556927,"14":20.2738197094,"15":94.8285740406,"16":58.0428723132,"17":45.4579243014,"18":16.0478264066,"19":83.0386521585,"20":0.179000731,"21":48.2967670877,"22":5.356904454,"23":51.7217078907,"24":96.6442816462,"25":4.7535963132,"26":64.7353127161,